{"cameraMode":{"drawMode":0,"name":"Shaded","section":"Shading Mode"},"sceneLighting":true,"audioPlay":false,"sceneViewState":{"showFog":true,"showMaterialUpdate":false,"showSkybox":true,"showFlares":true,"showImageEffects":true,"showParticleSystems":true,"showVisualEffectGraphs":true,"m_FxEnabled":true},"in2DMode":false,"pivot":{"x":0.07704317569732666,"y":4.513025760650635,"z":23.453266143798829},"rotation":{"x":-0.02442561276257038,"y":0.8184494376182556,"z":0.03488887846469879,"w":0.5730004906654358},"size":1.004613995552063,"orthographic":false}