{"cameraMode":{"drawMode":0,"name":"Shaded","section":"Shading Mode"},"sceneLighting":true,"audioPlay":false,"sceneViewState":{"showFog":true,"showMaterialUpdate":false,"showSkybox":true,"showFlares":true,"showImageEffects":true,"showParticleSystems":true,"showVisualEffectGraphs":true,"m_FxEnabled":true},"in2DMode":false,"pivot":{"x":-0.5822601318359375,"y":10.717988967895508,"z":9.177834510803223},"rotation":{"x":-0.06833761930465698,"y":-0.31802982091903689,"z":-0.022482551634311677,"w":0.9454323649406433},"size":7.888653755187988,"orthographic":false}