{"cameraMode":{"drawMode":0,"name":"Shaded","section":"Shading Mode"},"sceneLighting":true,"audioPlay":false,"sceneViewState":{"showFog":true,"showMaterialUpdate":false,"showSkybox":true,"showFlares":true,"showImageEffects":true,"showParticleSystems":true,"showVisualEffectGraphs":true,"m_FxEnabled":true},"in2DMode":false,"pivot":{"x":-5.680331230163574,"y":2.4280428886413576,"z":251.06573486328126},"rotation":{"x":0.053836267441511157,"y":-0.0712336078286171,"z":0.0038503760006278755,"w":0.9959984421730042},"size":9.211955070495606,"orthographic":false}