{"cameraMode":{"drawMode":0,"name":"Shaded","section":"Shading Mode"},"sceneLighting":true,"audioPlay":false,"sceneViewState":{"showFog":true,"showMaterialUpdate":false,"showSkybox":true,"showFlares":true,"showImageEffects":true,"showParticleSystems":true,"showVisualEffectGraphs":true,"m_FxEnabled":true},"in2DMode":false,"pivot":{"x":70.42687225341797,"y":21.138286590576173,"z":-0.047041893005371097},"rotation":{"x":0.508800208568573,"y":-0.33565205335617068,"z":0.22023895382881165,"w":0.7620691061019898},"size":26.743528366088868,"orthographic":false}