{"cameraMode":{"drawMode":0,"name":"Shaded","section":"Shading Mode"},"sceneLighting":true,"audioPlay":false,"sceneViewState":{"showFog":true,"showMaterialUpdate":false,"showSkybox":true,"showFlares":true,"showImageEffects":true,"showParticleSystems":true,"showVisualEffectGraphs":true,"m_FxEnabled":true},"in2DMode":false,"pivot":{"x":70.72337341308594,"y":1.3985562324523926,"z":321.80487060546877},"rotation":{"x":0.6341793537139893,"y":-0.21603812277317048,"z":0.19097518920898438,"w":0.7174069285392761},"size":18.719017028808595,"orthographic":false}