{"cameraMode":{"drawMode":0,"name":"Shaded","section":"Shading Mode"},"sceneLighting":true,"audioPlay":false,"sceneViewState":{"showFog":true,"showMaterialUpdate":false,"showSkybox":true,"showFlares":true,"showImageEffects":true,"showParticleSystems":true,"showVisualEffectGraphs":true,"m_FxEnabled":true},"in2DMode":false,"pivot":{"x":1.7674336433410645,"y":2.1463003158569338,"z":154.0120086669922},"rotation":{"x":0.10296496748924256,"y":0.22476337850093842,"z":-0.023891448974609376,"w":0.9686636924743652},"size":3.8320505619049074,"orthographic":false}