{"cameraMode":{"drawMode":0,"name":"Shaded","section":"Shading Mode"},"sceneLighting":true,"audioPlay":false,"sceneViewState":{"showFog":true,"showMaterialUpdate":false,"showSkybox":true,"showFlares":true,"showImageEffects":true,"showParticleSystems":true,"showVisualEffectGraphs":true,"m_FxEnabled":true},"in2DMode":false,"pivot":{"x":0.019723445177078248,"y":0.5253575444221497,"z":0.07393461465835571},"rotation":{"x":0.12157999724149704,"y":-0.8309820294380188,"z":0.20017756521701814,"w":0.5046278238296509},"size":0.9413142204284668,"orthographic":false}