{"cameraMode":{"drawMode":0,"name":"Shaded","section":"Shading Mode"},"sceneLighting":true,"audioPlay":false,"sceneViewState":{"showFog":true,"showMaterialUpdate":false,"showSkybox":true,"showFlares":true,"showImageEffects":true,"showParticleSystems":true,"showVisualEffectGraphs":true,"m_FxEnabled":true},"in2DMode":false,"pivot":{"x":8.443930625915528,"y":5.694292068481445,"z":51.06272888183594},"rotation":{"x":-0.005132242571562529,"y":0.8198814988136292,"z":0.007392125204205513,"w":0.5725013613700867},"size":0.36520153284072878,"orthographic":false}